snr_db,accuracy
-20,0.09509090909090909
-18,0.09454545454545454
-16,0.09636363636363636
-14,0.10618181818181818
-12,0.12927272727272726
-10,0.23254545454545456
-8,0.38163636363636366
-6,0.5538181818181818
-4,0.6472727272727272
-2,0.7163636363636363
0,0.7567272727272727
2,0.7745454545454545
4,0.7672727272727272
6,0.7794545454545454
8,0.7767272727272727
10,0.7818181818181819
12,0.7698181818181818
14,0.7790909090909091
16,0.7701818181818182
18,0.7794545454545454
