snr_db,accuracy
-20,0.09436363636363636
-18,0.09545454545454546
-16,0.09454545454545454
-14,0.10490909090909091
-12,0.132
-10,0.21836363636363637
-8,0.37363636363636366
-6,0.5454545454545454
-4,0.6590909090909091
-2,0.7425454545454545
0,0.7645454545454545
2,0.7769090909090909
4,0.7823636363636364
6,0.7843636363636364
8,0.7854545454545454
10,0.7881818181818182
12,0.7849090909090909
14,0.7901818181818182
16,0.7876363636363637
18,0.7921818181818182
