snr_db,accuracy
-20,0.09163636363636364
-18,0.09454545454545454
-16,0.09745454545454546
-14,0.11618181818181818
-12,0.16563636363636364
-10,0.23563636363636364
-8,0.33254545454545453
-6,0.44836363636363635
-4,0.544
-2,0.6538181818181819
0,0.7376363636363636
2,0.7674545454545455
4,0.7830909090909091
6,0.7949090909090909
8,0.7954545454545454
10,0.7912727272727272
12,0.8001818181818182
14,0.7970909090909091
16,0.7921818181818182
18,0.7898181818181819
